{
  "plugin_config": {
    "enable_group": true,
    "white_list_groups": []
  },
  "characters": {
    "virtual_singer": {
      "comment": "Virtual Singer 虚拟歌手组",
      "miku": {
         "comment": "不需要推送初音未来",
        "name": "初音未来",
        "birthday": "08-31",
        "image_file": "pjsk生日miku.png"
      },
      "rin": {
        "name": "镜音铃",
        "birthday": "12-27",
        "image_file": "pjsk生日rin.png"
      },
      "len": {
        "name": "镜音连",
        "birthday": "12-27",
        "image_file": "pjsk生日len.png"
      },
      "luka": {
        "name": "巡音流歌",
        "birthday": "01-30",
        "image_file": "pjsk生日luka.png"
      },
      "meiko": {
        "name": "MEIKO",
        "birthday": "11-05",
        "image_file": "pjsk生日meiko.png"
      },
      "kaito": {
        "name": "KAITO",
        "birthday": "02-17",
        "image_file": "pjsk生日kaito.png"
      }
    },
    "leo_need": {
      "comment": "Leo/need レオ/ニード",
      "ichika": {
        "name": "星乃一歌",
        "birthday": "08-11",
        "image_file": "pjsk生日ichika.png"
      },
      "saki": {
        "name": "天马咲希",
        "birthday": "05-09",
        "image_file": "pjsk生日saki.png"
      },
      "honami": {
        "name": "望月穗波",
        "birthday": "10-27",
        "image_file": "pjsk生日honami.png"
      },
      "shiho": {
        "name": "日野森志步",
        "birthday": "01-08",
        "image_file": "pjsk生日shiho.png"
      }
    },
    "more_more_jump": {
      "comment": "MORE MORE JUMP！ モアモアジャンプ！",
      "minori": {
        "name": "花里实乃理",
        "birthday": "04-14",
        "image_file": "pjsk生日minori.png"
      },
      "haruka": {
        "name": "桐谷遥",
        "birthday": "10-05",
        "image_file": "pjsk生日haruka.png"
      },
      "airi": {
        "name": "桃井爱莉",
        "birthday": "03-19",
        "image_file": "pjsk生日airi.png"
      },
      "shizuku": {
        "name": "日野森雫",
        "birthday": "12-06",
        "image_file": "pjsk生日shizuku.png"
      }
    },
    "vivid_bad_squad": {
      "comment": "Vivid BAD SQUAD ビビッドバッドスクワッド",
      "kohane": {
        "name": "小豆泽心羽",
        "birthday": "03-02",
        "image_file": "pjsk生日kohane.png"
      },
      "an": {
        "name": "白石杏",
        "birthday": "07-26",
        "image_file": "pjsk生日an.png"
      },
      "akito": {
        "name": "东云彰人",
        "birthday": "11-12",
        "image_file": "pjsk生日akito.png"
      },
      "toya": {
        "name": "青柳冬弥",
        "birthday": "05-25",
        "image_file": "pjsk生日toya.png"
      }
    },
    "wonderlands_showtime": {
      "comment": "Wonderlands×Showtime ワンダーランズ×ショウタイム",
      "tsukasa": {
        "name": "天马司",
        "birthday": "05-17",
        "image_file": "pjsk生日tsukasa.png"
      },
      "emu": {
        "name": "凤笑梦",
        "birthday": "09-09",
        "image_file": "pjsk生日emu.png"
      },
      "nene": {
        "name": "草薙宁宁",
        "birthday": "07-20",
        "image_file": "pjsk生日nene.png"
      },
      "rui": {
        "name": "神代类",
        "birthday": "06-24",
        "image_file": "pjsk生日rui.png"
      }
    },
    "nightcord": {
      "comment": "25時、ナイトコードで。 夜间飞行",
      "kanade": {
        "name": "宵崎奏",
        "birthday": "02-10",
        "image_file": "pjsk生日kanade.png"
      },
      "mafuyu": {
        "name": "朝比奈真冬",
        "birthday": "01-27",
        "image_file": "pjsk生日mafuyu.png"
      },
      "ena": {
        "name": "东云绘名",
        "birthday": "04-30",
        "image_file": "pjsk生日ena.png"
      },
      "mizuki": {
        "name": "晓山瑞希",
        "birthday": "08-27",
        "image_file": "pjsk生日mizuki.png"
      }
    }
  }
}